Population,Gene,Prop
E1,ATP6,0.005360887
E2,CDC55,0.003436426
E1,GPB2,0.00286123
